date_2,start_hour,start_minute,map_ids,Total_play_time,max_players
44681.00,20,36,1,166,64
44681.00,22,27,2,10,64
44681.00,22,42,3,135,64
44682.00,19,27,6,32,62
44682.00,10,49,7,45,42
44682.00,18,6,8,136,64
44682.00,21,35,10,25,63
44682.00,23,6,13,50,64
44682.00,22,5,14,55,64
44682.00,15,43,19,35,60
44682.00,0,3,3,55,64
44682.00,13,40,24,55,60
44682.00,20,14,27,135,64
44682.00,17,40,29,20,63
44682.00,12,55,31,40,49
44682.00,14,41,32,55,64
44682.00,16,23,33,131,64
44683.00,16,47,38,20,59
44683.00,0,1,13,20,64
44683.00,18,33,41,176,63
44683.00,18,13,42,15,55
44683.00,17,38,43,30,58
44683.00,15,32,44,40,61
44683.00,21,5,17,15,63
44683.00,16,17,48,25,61
44683.00,21,50,50,160,64
44683.00,0,26,51,20,49
44683.00,12,35,52,30,44
44683.00,23,36,53,20,61
44683.00,21,25,54,20,63
44683.00,14,11,58,135,63
44683.00,13,46,60,20,51
44683.00,20,35,61,25,60
44683.00,17,13,62,20,56
44684.00,23,53,63,5,49
44684.00,23,23,64,25,48
44684.00,19,46,65,120,63
44684.00,18,5,66,135,64
44684.00,20,52,67,135,64
44684.00,12,52,69,15,47
44684.00,22,12,70,40,64
44684.00,11,52,71,55,52
44684.00,15,44,72,45,61
44684.00,22,58,73,20,63
44684.00,16,34,74,125,64
44684.00,19,26,79,15,55
44684.00,13,12,81,20,56
44684.00,17,45,85,15,63
44684.00,11,21,86,25,49
44684.00,0,47,88,45,46
44684.00,0,1,53,30,63
44684.00,14,8,89,150,63
44684.00,0,37,90,5,49
44684.00,13,38,93,25,54
44685.00,0,3,63,5,47
44685.00,16,46,94,125,58
44685.00,15,31,95,45,58
44685.00,10,41,96,45,50
44685.00,21,39,97,40,63
44685.00,16,21,99,20,57
44685.00,22,50,100,30,63
44685.00,17,57,103,20,60
44685.00,19,18,104,130,64
44685.00,21,14,105,20,63
44685.00,18,22,106,50,62
44685.00,22,24,109,20,63
44685.00,12,59,111,0,47
44685.00,12,4,112,50,62
44685.00,20,33,113,35,64
44685.00,13,55,115,120,63
44685.00,13,4,117,45,60
44685.00,0,13,118,20,42
44685.00,15,0,120,25,61
44686.00,14,11,123,25,56
44686.00,20,44,124,25,63
44686.00,19,13,125,45,43
44686.00,23,26,129,25,46
44686.00,14,41,130,30,52
44686.00,13,5,132,20,55
44686.00,15,41,133,45,50
44686.00,16,32,135,20,59
44686.00,18,18,136,15,42
44686.00,15,16,138,20,51
44686.00,22,0,139,140,64
44686.00,11,49,140,15,43
44686.00,17,22,141,25,64
44686.00,13,30,142,35,59
44686.00,17,53,144,20,50
44686.00,20,14,146,25,56
44686.00,12,9,149,50,54
44686.00,16,57,150,20,63
44686.00,21,14,151,15,63
44687.00,15,22,152,30,43
44687.00,20,53,154,135,63
44687.00,16,28,155,20,57
44687.00,22,13,156,45,63
44687.00,13,26,157,20,46
44687.00,17,59,158,30,61
44687.00,12,25,159,20,44
44687.00,15,57,160,25,45
44687.00,16,53,162,120,64
44687.00,14,11,164,125,63
44687.00,18,34,166,15,50
44687.00,20,38,167,10,64
44687.00,18,54,168,30,52
44687.00,13,51,174,15,56
44687.00,11,5,175,135,53
44687.00,19,29,176,30,48
44688.00,14,48,7,20,62
44688.00,18,24,180,20,47
44688.00,15,38,181,20,56
44688.00,18,49,182,20,47
44688.00,11,48,183,35,50
44688.00,12,48,184,25,56
44688.00,17,59,185,20,54
44688.00,1,13,186,140,52
44688.00,23,19,188,40,63
44688.00,12,28,189,15,47
44688.00,13,53,190,50,60
44688.00,0,3,169,125,63
44688.00,20,59,194,140,64
44688.00,19,14,195,145,61
44688.00,22,24,197,50,63
44688.00,13,18,198,30,58
44688.00,17,24,200,30,62
44688.00,16,3,202,135,62
44689.00,21,42,6,15,57
44689.00,15,40,8,130,64
44689.00,20,2,39,155,64
44689.00,14,5,204,150,64
44689.00,17,40,205,10,55
44689.00,12,35,206,145,63
44689.00,23,7,207,50,53
44689.00,0,4,188,125,64
44689.00,12,5,210,25,58
44689.00,16,55,212,25,53
44689.00,19,12,213,25,61
44689.00,18,22,21,155,62
44689.00,11,15,215,45,48
44689.00,17,25,216,10,54
44689.00,22,2,217,120,64
44690.00,23,54,63,5,44
44690.00,19,33,218,30,62
44690.00,13,33,219,140,57
44690.00,14,58,36,25,60
44690.00,17,48,38,30,49
44690.00,13,3,69,25,47
44690.00,18,23,220,15,41
44690.00,21,28,221,35,64
44690.00,22,8,41,160,64
44690.00,20,8,224,50,64
44690.00,0,3,207,20,60
44690.00,12,3,225,30,45
44690.00,16,3,226,50,52
44690.00,12,38,228,20,47
44690.00,19,13,90,15,48
44690.00,21,3,229,20,64
44690.00,16,58,56,45,56
44690.00,18,43,231,25,44
44690.00,0,28,232,135,48
44691.00,0,4,63,5,44
44691.00,22,1,37,20,54
44691.00,15,1,234,125,64
44691.00,12,6,67,55,49
44691.00,19,36,70,45,59
44691.00,17,46,71,25,48
44691.00,18,41,237,50,56
44691.00,20,26,239,130,63
44691.00,14,11,242,25,41
44691.00,13,6,84,20,49
44691.00,22,26,244,130,64
44691.00,23,41,88,15,43
44691.00,17,16,57,25,44
44691.00,13,31,93,0,52
44691.00,18,16,247,20,49
44691.00,13,56,248,10,46
44691.00,16,11,33,120,51
44691.00,14,41,62,15,49
44692.00,18,39,124,20,42
44692.00,15,9,68,50,61
44692.00,12,39,100,30,41
44692.00,22,13,104,50,64
44692.00,23,8,250,50,61
44692.00,14,39,18,25,58
44692.00,13,59,252,35,53
44692.00,13,14,52,40,56
44692.00,21,33,253,35,62
44692.00,17,29,255,50,60
44692.00,16,4,175,140,64
44692.00,19,59,257,120,50
44693.00,22,47,258,130,55
44693.00,12,47,35,45,51
44693.00,17,27,125,50,46
44693.00,16,37,126,45,48
44693.00,11,26,72,50,45
44693.00,0,3,260,130,49
44693.00,19,42,108,20,59
44693.00,16,17,136,15,47
44693.00,18,22,162,135,59
44693.00,20,52,139,55,64
44693.00,12,22,140,20,42
44693.00,14,7,262,135,64
44693.00,21,52,263,50,59
44693.00,20,7,86,40,62
44693.00,13,37,145,25,52
44693.00,15,27,264,20,42
44693.00,15,52,150,20,53
44694.00,14,14,267,20,52
44694.00,12,54,183,135,52
44694.00,14,39,73,35,58
44694.00,17,14,110,25,53
44694.00,16,4,274,125,64
44694.00,20,4,195,35,48
44694.00,22,4,3,170,64
44694.00,15,19,24,40,60
44694.00,17,44,92,35,45
44694.00,19,19,25,40,47
44694.00,20,44,197,125,64
44695.00,22,32,279,120,58
44695.00,15,22,280,55,60
44695.00,15,2,40,15,59
44695.00,16,22,103,25,61
44695.00,23,37,286,20,56
44695.00,13,47,78,45,58
44695.00,17,57,163,0,53
44695.00,11,57,20,20,50
44695.00,20,27,213,150,64
44695.00,12,57,142,45,56
44695.00,12,22,53,30,51
44695.00,16,52,144,30,60
44695.00,18,2,289,55,60
44695.00,0,0,3,40,63
44695.00,17,27,291,25,61
44695.00,14,37,60,20,59
44696.00,15,59,94,45,61
44696.00,14,8,233,45,52
44696.00,16,49,98,15,51
44696.00,22,34,9,25,50
44696.00,14,58,220,10,45
44696.00,0,2,286,40,54
44696.00,18,54,129,30,47
44696.00,15,43,227,5,54
44696.00,17,19,295,15,46
44696.00,21,4,296,145,62
44696.00,19,29,299,150,62
44696.00,17,44,117,125,52
44696.00,23,4,58,55,64
44697.00,20,16,1,135,59
44697.00,14,51,36,145,64
44697.00,12,1,303,45,48
44697.00,22,1,41,140,64
44697.00,0,9,238,35,55
44697.00,12,51,224,50,56
44697.00,23,26,107,15,55
44697.00,16,21,44,50,51
44697.00,17,16,305,140,61
44697.00,19,56,46,15,49
44697.00,11,31,47,25,44
44697.00,13,46,147,120,60
44697.00,21,36,148,20,53
44697.00,0,4,58,0,60
44697.00,18,41,62,15,45
44698.00,17,32,307,25,57
44698.00,13,32,67,130,57
44698.00,22,28,100,40,43
44698.00,14,47,153,165,62
44698.00,18,32,133,40,50
44698.00,18,2,309,25,50
44698.00,12,2,275,145,41
44698.00,21,8,194,135,63
44698.00,16,37,310,50,63
44698.00,19,48,311,135,64
44699.00,12,55,6,30,50
44699.00,14,25,181,20,47
44699.00,18,16,206,150,59
44699.00,19,51,132,20,58
44699.00,21,41,190,45,63
44699.00,15,10,17,55,58
44699.00,13,30,317,50,50
44699.00,14,50,143,15,47
44699.00,22,31,169,50,54
44699.00,16,11,89,155,62
44699.00,17,51,120,20,50
44699.00,20,16,319,140,64
44700.00,23,6,63,15,48
44700.00,20,16,258,135,60
44700.00,14,26,5,20,50
44700.00,18,51,259,120,41
44700.00,15,56,98,35,63
44700.00,15,31,321,20,55
44700.00,14,51,80,35,59
44700.00,21,36,325,145,63
44700.00,13,40,246,40,52
44700.00,19,56,326,15,53
44700.00,16,36,91,145,63
44701.00,12,6,125,0,41
44701.00,12,53,183,120,45
44701.00,19,28,282,20,51
44701.00,17,53,156,45,61
44701.00,16,43,242,15,49
44701.00,19,8,81,15,47
44701.00,22,42,139,125,52
44701.00,15,43,84,20,49
44701.00,18,43,332,20,49
44701.00,23,52,333,5,41
44701.00,21,12,274,145,64
44701.00,16,8,253,30,51
44701.00,19,53,334,45,47
44701.00,15,23,216,15,41
44701.00,13,58,150,20,50
44701.00,17,3,200,45,62
44702.00,22,5,4,20,62
44702.00,20,15,7,20,52
44702.00,22,30,65,130,64
44702.00,15,3,126,55,64
44702.00,20,10,336,0,53
44702.00,13,3,338,40,61
44702.00,12,23,339,35,54
44702.00,11,43,168,35,51
44702.00,17,29,341,140,63
44702.00,13,48,195,130,63
44702.00,20,40,217,140,64
44702.00,18,54,344,130,64
44702.00,16,4,345,140,61
44703.00,19,44,346,135,59
44703.00,15,24,8,140,64
44703.00,21,24,39,50,62
44703.00,17,24,71,35,63
44703.00,22,19,285,160,61
44703.00,18,29,129,25,60
44703.00,12,59,131,40,61
44703.00,13,44,164,130,63
44703.00,18,4,140,20,62
44703.00,21,4,272,15,57
44703.00,0,45,29,25,41
44703.00,16,49,178,30,62
44703.00,12,29,247,25,53
44703.00,14,59,330,20,62
44704.00,19,20,97,30,61
44704.00,18,55,103,20,63
44704.00,19,55,41,130,63
44704.00,17,30,237,140,63
44704.00,16,5,127,20,50
44704.00,15,20,45,40,60
44704.00,22,45,226,30,55
44704.00,14,45,350,30,62
44704.00,17,10,47,15,51
44704.00,16,30,52,35,53
44704.00,13,55,306,45,58
44704.00,21,25,312,135,64
44705.00,16,54,355,175,64
44705.00,13,14,67,130,56
44705.00,19,19,100,25,63
44705.00,19,50,356,120,63
44705.00,14,54,281,120,60
44705.00,15,59,155,30,63
44705.00,14,29,157,20,50
44705.00,20,55,263,125,64
44705.00,16,34,174,15,62
44705.00,18,54,118,20,62
44705.00,22,5,359,125,57
44705.00,23,15,362,40,62
44706.00,16,26,124,15,63
44706.00,14,46,203,20,51
44706.00,13,16,6,15,45
44706.00,17,6,64,25,64
44706.00,22,12,36,140,60
44706.00,16,46,307,15,64
44706.00,21,6,224,120,64
44706.00,13,36,240,125,54
44706.00,16,6,2,15,59
44706.00,15,41,18,20,54
44706.00,12,26,142,45,41
44706.00,19,36,86,25,58
44706.00,15,11,327,25,51
44706.00,18,16,197,135,48
44706.00,10,58,29,30,42
44706.00,20,6,257,55,64
44706.00,0,0,362,20,55
44707.00,23,24,63,20,44
44707.00,18,23,258,120,48
44707.00,10,23,35,45,41
44707.00,12,48,37,40,62
44707.00,20,38,259,20,60
44707.00,19,53,98,40,60
44707.00,14,23,364,15,60
44707.00,11,13,220,40,54
44707.00,14,43,70,35,63
44707.00,22,29,43,50,47
44707.00,11,58,190,45,56
44707.00,15,23,19,40,62
44707.00,13,33,289,15,63
44707.00,16,38,368,55,58
44707.00,21,4,91,140,64
44707.00,17,38,370,40,54
44708.00,15,42,320,145,53
44708.00,11,7,302,45,45
44708.00,22,33,96,25,57
44708.00,20,13,66,160,64
44708.00,15,17,223,20,48
44708.00,17,32,371,25,52
44708.00,19,2,44,125,54
44708.00,23,3,189,15,50
44708.00,17,12,372,15,48
44708.00,14,47,46,25,56
44708.00,12,57,162,140,64
44708.00,14,22,49,20,63
44708.00,21,58,21,30,52
44708.00,12,27,374,25,48
44708.00,23,23,375,35,43
44708.00,18,2,289,55,55
44708.00,11,57,335,25,50
44709.00,12,14,4,25,52
44709.00,16,9,71,50,56
44709.00,20,49,377,15,63
44709.00,11,14,73,35,47
44709.00,23,24,188,35,64
44709.00,17,49,139,135,64
44709.00,12,44,212,35,63
44709.00,17,4,379,40,62
44709.00,14,44,245,50,56
44709.00,22,29,116,50,59
44709.00,21,9,380,135,64
44709.00,13,24,176,135,64
44709.00,15,39,348,25,52
44709.00,11,54,231,15,52
44709.00,20,24,60,20,49
44710.00,23,42,97,15,43
44710.00,16,37,249,35,60
44710.00,20,22,74,55,64
44710.00,21,32,154,130,64
44710.00,12,41,107,20,54
44710.00,18,32,208,135,62
44710.00,12,16,76,20,51
44710.00,0,4,188,50,56
44710.00,14,6,382,15,50
44710.00,14,26,225,35,60
44710.00,13,6,79,35,62
44710.00,21,22,135,5,61
44710.00,11,11,81,20,54
44710.00,10,46,20,20,44
44710.00,11,36,167,35,61
44710.00,13,46,383,15,57
44710.00,17,17,384,130,63
44710.00,15,6,24,50,64
44710.00,19,52,300,25,63
44710.00,16,1,385,30,55
44711.00,16,31,94,10,60
44711.00,16,46,123,40,59
44711.00,18,1,6,15,62
44711.00,17,31,38,25,55
44711.00,18,56,41,140,62
44711.00,22,1,285,145,57
44711.00,10,20,128,45,45
44711.00,11,10,130,120,52
44711.00,12,15,213,55,52
44711.00,15,51,246,35,58
44711.00,20,21,386,10,56
44711.00,13,16,92,50,55
44711.00,15,16,363,30,62
44711.00,23,31,150,25,41
44711.00,14,51,292,20,51
44711.00,18,21,32,30,63
44711.00,20,36,388,140,64
44712.00,16,4,123,35,57
44712.00,12,25,35,15,55
44712.00,12,5,64,15,56
44712.00,11,20,36,40,47
44712.00,21,44,65,120,64
44712.00,17,54,67,140,56
44712.00,17,39,220,10,61
44712.00,10,25,183,50,44
44712.00,17,9,103,25,57
44712.00,14,34,237,45,61
44712.00,14,14,185,15,46
44712.00,16,44,189,20,44
44712.00,15,24,133,10,60
44712.00,13,20,18,20,49
44712.00,20,24,194,135,64
44712.00,12,45,369,30,56
44712.00,22,49,148,130,64
44713.00,14,6,293,40,63
44713.00,20,16,391,5,63
44713.00,22,8,71,30,64
44713.00,22,43,392,40,60
44713.00,15,11,393,45,59
44713.00,16,36,305,140,55
44713.00,18,1,158,25,50
44713.00,16,1,190,30,56
44713.00,11,16,17,40,43
44713.00,12,1,145,50,57
44713.00,0,4,148,0,42
44713.00,21,3,395,35,63
44713.00,12,56,58,125,62
44713.00,18,51,151,140,64
44713.00,18,31,248,15,50
44714.00,22,37,1,140,64
44714.00,14,7,302,35,49
44714.00,18,47,233,15,44
44714.00,17,22,126,20,57
44714.00,15,12,100,30,59
44714.00,19,42,208,150,64
44714.00,11,57,131,25,44
44714.00,13,12,325,50,51
44714.00,15,47,256,120,62
44714.00,12,27,398,40,53
44714.00,21,17,119,135,63
44714.00,18,17,247,25,44
44714.00,11,32,60,395,60
44714.00,16,52,330,25,61
44715.00,13,51,63,20,57
44715.00,16,51,37,20,60
44715.00,16,21,38,25,62
44715.00,20,52,96,25,64
44715.00,13,1,97,45,53
44715.00,14,46,70,120,62
44715.00,21,22,391,135,64
44715.00,18,31,104,120,64
44715.00,15,51,73,25,56
44715.00,22,42,154,50,53
44715.00,20,27,130,20,62
44715.00,12,41,81,15,63
44715.00,11,41,142,55,63
44715.00,23,37,262,20,41
44715.00,14,16,53,25,64
44715.00,17,16,360,25,51
44715.00,17,46,150,10,51
44715.00,19,37,400,45,64
44715.00,18,1,179,25,47
44715.00,11,1,200,35,45
44716.00,16,8,6,20,61
44716.00,12,48,69,20,58
44716.00,17,8,282,5,54
44716.00,12,23,155,20,59
44716.00,18,4,164,160,60
44716.00,13,13,261,145,64
44716.00,23,29,139,30,58
44716.00,17,19,21,40,58
44716.00,20,4,296,40,62
44716.00,21,19,402,50,64
44716.00,15,28,89,5,61
44716.00,14,43,195,40,64
44716.00,10,38,24,50,55
44716.00,16,33,56,30,61
44716.00,11,33,264,20,51
44716.00,22,29,311,55,64
44717.00,17,5,346,135,52
44717.00,18,25,267,45,59
44717.00,14,54,355,145,64
44717.00,12,59,14,135,64
44717.00,16,25,78,35,61
44717.00,0,4,139,20,55
44717.00,14,19,406,30,61
44717.00,11,14,117,55,56
44717.00,23,10,149,45,45
44717.00,19,15,257,55,63
44717.00,12,14,178,40,61
44718.00,15,31,258,45,63
44718.00,14,46,95,40,64
44718.00,16,21,126,35,58
44718.00,17,1,204,240,64
44718.00,11,56,371,30,52
44718.00,19,6,189,15,56
44718.00,23,22,309,35,46
44718.00,11,31,140,20,47
44718.00,20,46,408,40,64
44718.00,12,31,168,135,63
44718.00,21,52,3,145,64
44718.00,19,26,197,135,63
44718.00,13,51,342,50,63
44719.00,22,22,258,125,55
44719.00,14,27,36,155,64
44719.00,20,2,249,20,62
44719.00,23,32,204,25,41
44719.00,12,57,250,50,64
44719.00,21,47,382,15,62
44719.00,18,2,80,50,56
44719.00,16,7,162,120,62
44719.00,22,7,143,10,48
44719.00,13,52,21,30,53
44719.00,20,27,263,135,63
44719.00,19,17,333,40,63
44719.00,11,27,411,145,50
44719.00,17,12,255,45,46
44719.00,18,57,199,15,60
44720.00,12,17,7,30,56
44720.00,17,47,127,10,48
44720.00,12,52,224,120,64
44720.00,20,52,285,55,64
44720.00,15,52,206,140,52
44720.00,9,56,128,45,43
44720.00,11,52,185,20,50
44720.00,11,27,414,20,58
44720.00,15,22,407,25,52
44720.00,19,7,316,160,64
44720.00,21,52,21,35,64
44720.00,22,32,296,20,63
44720.00,10,46,246,35,51
44720.00,17,17,415,25,57
44720.00,13,57,416,140,63
44720.00,18,2,397,120,62
44721.00,22,7,4,15,62
44721.00,19,7,218,45,62
44721.00,15,57,266,30,48
44721.00,11,2,304,30,43
44721.00,22,27,208,135,52
44721.00,17,52,157,20,51
44721.00,12,17,240,50,62
44721.00,16,32,20,15,53
44721.00,13,37,213,45,60
44721.00,18,17,418,20,47
44721.00,18,42,144,20,52
44721.00,16,52,420,55,63
44721.00,20,22,196,35,62
44721.00,13,12,30,20,57
44721.00,21,22,32,40,59
44721.00,14,27,362,145,64
44721.00,19,57,60,140,61
44721.00,11,37,330,35,45
44722.00,12,51,126,45,41
44722.00,17,56,129,45,41
44722.00,23,56,130,0,53
44722.00,23,21,84,30,55
44722.00,18,46,167,25,53
44722.00,14,6,168,145,53
44722.00,23,1,273,15,55
44722.00,11,31,114,135,43
44722.00,19,16,194,140,63
44722.00,15,36,424,30,53
44722.00,20,41,217,45,63
44722.00,16,11,345,135,50
44723.00,19,8,123,45,43
44723.00,16,38,6,25,64
44723.00,21,53,64,20,47
44723.00,21,23,73,25,47
44723.00,0,2,130,35,57
44723.00,17,8,425,30,62
44723.00,15,8,113,120,64
44723.00,12,8,21,20,41
44723.00,12,58,426,40,42
44723.00,19,58,51,140,57
44723.00,17,43,91,140,53
44723.00,11,27,327,25,41
44723.00,14,23,24,40,47
44723.00,13,43,26,35,53
44723.00,11,57,348,5,42
44723.00,16,13,150,20,60
44723.00,12,33,60,20,41
44723.00,22,18,202,160,64
44724.00,17,53,5,20,48
44724.00,17,28,7,20,46
44724.00,20,43,428,120,64
44724.00,18,18,97,35,49
44724.00,16,58,220,25,57
44724.00,15,18,40,20,60
44724.00,15,43,71,40,56
44724.00,19,53,227,45,45
44724.00,21,48,274,250,64
44724.00,13,53,116,140,61
44724.00,13,38,90,10,42
44724.00,16,28,335,25,56
44724.00,0,3,202,25,64
44725.00,14,48,434,125,60
44725.00,11,22,339,45,51
44725.00,20,30,379,30,53
44725.00,23,56,141,0,44
44725.00,21,5,244,155,64
44725.00,0,3,274,130,64
44725.00,19,40,25,45,48
44725.00,22,45,232,125,63
44726.00,13,22,8,135,58
44726.00,21,7,44,40,56
44726.00,16,7,333,30,52
44726.00,15,37,52,25,44
44726.00,14,42,438,20,56
44726.00,21,52,3,160,63
44726.00,15,7,395,25,55
44726.00,19,52,359,130,55
44727.00,23,8,279,0,41
44727.00,17,2,64,20,55
44727.00,20,33,7,15,41
44727.00,17,27,36,45,58
44727.00,20,53,8,140,64
44727.00,16,42,98,15,59
44727.00,14,32,250,165,64
44727.00,22,18,213,45,60
44727.00,23,13,274,45,50
44727.00,19,37,53,10,48
44727.00,16,22,92,15,44
44728.00,13,6,9,25,48
44728.00,14,51,67,170,61
44728.00,22,21,356,55,47
44728.00,17,41,391,140,62
44728.00,13,36,186,45,64
44728.00,11,56,250,30,54
44728.00,17,16,155,20,56
44728.00,10,41,156,130,46
44728.00,23,21,445,10,43
44728.00,16,51,190,20,46
44728.00,19,6,365,25,42
44728.00,19,36,446,50,64
44728.00,16,46,447,0,42
44728.00,21,46,448,30,61
44728.00,20,31,245,50,63
44728.00,0,3,274,160,55
44728.00,23,36,253,20,41
44728.00,21,26,411,15,56
44728.00,14,26,449,20,43
44729.00,15,0,1,175,62
44729.00,14,30,64,25,61
44729.00,13,45,37,40,45
44729.00,17,46,66,150,55
44729.00,19,56,113,45,61
44729.00,17,1,195,40,56
44729.00,22,56,197,45,52
44729.00,20,46,202,245,63
44730.00,11,44,6,40,64
44730.00,13,49,7,20,60
44730.00,13,29,98,15,43
44730.00,15,49,11,55,62
44730.00,22,50,13,125,64
44730.00,17,49,71,30,46
44730.00,21,15,454,40,64
44730.00,19,39,154,35,45
44730.00,20,40,130,30,56
44730.00,16,49,17,30,57
44730.00,17,24,165,20,57
44730.00,20,19,261,15,48
44730.00,14,14,89,150,64
44730.00,12,29,58,55,64
44730.00,22,0,230,45,61
44730.00,11,14,348,25,46
44731.00,17,41,123,15,51
44731.00,0,0,13,40,64
44731.00,14,21,238,35,64
44731.00,12,6,44,45,52
44731.00,20,21,2,15,64
44731.00,16,31,161,125,60
44731.00,22,1,80,55,64
44731.00,16,6,461,20,54
44731.00,11,36,47,25,47
44731.00,21,36,49,20,56
44731.00,15,36,463,25,48
44731.00,15,1,405,30,64
44731.00,23,1,466,55,64
44731.00,12,56,442,25,56
44731.00,20,41,375,50,64
44731.00,18,1,148,150,62
44731.00,13,26,467,50,64
44731.00,20,1,216,15,64
44731.00,19,36,93,20,53
44732.00,19,55,7,45,44
44732.00,21,45,96,35,45
44732.00,13,55,268,25,45
44732.00,14,25,129,35,56
44732.00,17,15,133,130,51
44732.00,20,45,160,0,42
44732.00,12,39,164,45,53
44732.00,18,30,470,40,41
44732.00,0,1,141,35,49
44732.00,15,50,168,140,46
44732.00,13,30,272,20,44
44732.00,15,5,333,40,54
44732.00,11,49,53,45,55
44733.00,17,14,234,55,53
44733.00,12,49,97,35,52
44733.00,16,9,103,25,64
44733.00,13,29,284,50,47
44733.00,16,39,371,30,64
44733.00,19,19,42,30,46
44733.00,21,19,417,50,64
44733.00,15,19,475,25,64
44733.00,12,4,227,40,52
44733.00,15,49,273,15,62
44733.00,19,54,52,30,46
44733.00,14,24,24,50,57
44733.00,22,14,56,30,51
44733.00,20,29,342,45,63
44734.00,20,1,258,45,63
44734.00,17,30,126,45,64
44734.00,18,20,183,155,64
44734.00,20,51,283,15,58
44734.00,22,31,206,130,63
44734.00,13,15,188,150,61
44734.00,14,50,382,15,53
44734.00,17,5,483,20,54
44734.00,16,40,144,20,58
44734.00,11,30,472,45,64
44734.00,15,10,255,145,64
44734.00,12,20,117,50,64
44734.00,21,11,388,135,64
44735.00,13,51,123,15,54
44735.00,16,36,34,15,47
44735.00,20,33,38,30,55
44735.00,10,21,73,45,46
44735.00,19,18,269,20,53
44735.00,15,56,190,35,54
44735.00,22,13,225,25,63
44735.00,13,16,79,30,51
44735.00,20,8,143,20,62
44735.00,22,43,486,125,60
44735.00,18,7,374,25,52
44735.00,11,11,246,160,60
44735.00,21,48,146,20,64
44735.00,14,51,341,120,64
44735.00,17,21,327,20,51
44735.00,17,46,335,15,54
44735.00,14,11,247,35,54
44735.00,21,8,179,35,63
44735.00,12,56,488,15,49
44735.00,19,43,60,20,57
44735.00,18,37,354,35,52
44735.00,16,56,201,20,48
44736.00,12,24,389,25,41
44736.00,21,30,250,20,64
44736.00,19,15,496,50,64
44736.00,18,0,497,20,63
44736.00,17,10,140,20,64
44736.00,17,35,84,20,64
44736.00,20,10,441,10,63
44736.00,18,25,448,45,64
44736.00,23,40,419,15,51
44736.00,15,14,91,170,64
44736.00,20,25,381,120,64
44737.00,17,48,121,35,44
44737.00,12,48,123,20,62
44737.00,18,28,6,50,61
44737.00,15,48,64,20,63
44737.00,13,43,37,30,64
44737.00,12,23,307,20,64
44737.00,21,3,9,30,61
44737.00,13,13,11,25,64
44737.00,14,18,336,55,64
44737.00,19,23,459,25,64
44737.00,16,13,156,130,63
44737.00,15,18,130,25,63
44737.00,22,3,365,25,49
44737.00,19,53,500,40,64
44737.00,11,32,501,45,63
44737.00,21,38,86,20,52
44737.00,20,38,87,20,63
44737.00,0,0,419,20,50
44737.00,22,33,415,20,54
44737.00,17,28,26,15,53
44737.00,22,58,151,120,64
44738.00,12,8,36,45,64
44738.00,20,8,436,35,55
44738.00,16,38,220,25,61
44738.00,15,8,71,20,63
44738.00,15,33,184,30,64
44738.00,18,28,17,35,63
44738.00,14,13,308,10,63
44738.00,19,28,162,35,64
44738.00,14,48,295,15,63
44738.00,12,58,167,20,63
44738.00,17,43,85,40,54
44738.00,21,48,169,35,61
44738.00,11,18,503,45,59
44738.00,10,23,402,50,52
44738.00,13,23,472,45,62
44738.00,16,8,504,25,60
44738.00,0,3,151,35,60
44738.00,19,8,231,15,60
44738.00,17,8,353,30,59
44738.00,14,28,199,15,64
44738.00,20,48,61,25,57
44739.00,11,27,123,35,58
44739.00,18,48,35,20,63
44739.00,12,8,152,35,59
44739.00,20,43,221,55,64
44739.00,10,32,128,50,44
44739.00,19,13,129,20,62
44739.00,12,48,323,25,54
44739.00,23,58,451,0,47
44739.00,13,38,252,40,59
44739.00,14,23,411,35,60
44739.00,16,8,55,10,50
44739.00,16,43,171,20,61
44739.00,17,28,25,30,56
44739.00,13,18,396,15,53
44739.00,18,3,31,40,44
44739.00,19,38,257,120,62
44739.00,23,23,453,30,62
44739.00,17,8,362,0,63
44739.00,15,3,345,25,57
44740.00,13,4,103,15,50
44740.00,13,24,237,40,52
44740.00,0,18,104,125,53
44740.00,19,54,44,40,57
44740.00,16,9,414,20,56
44740.00,19,19,46,30,52
44740.00,23,29,457,30,42
44740.00,21,29,108,20,63
44740.00,17,29,109,25,55
44740.00,12,19,161,40,62
44740.00,18,44,81,30,53
44740.00,0,3,451,10,46
44740.00,14,9,110,35,46
44740.00,16,34,48,50,64
44740.00,14,49,212,35,47
44740.00,17,59,213,40,63
44740.00,23,4,273,20,54
44740.00,15,29,145,35,46
44740.00,21,54,289,125,63
44740.00,20,39,92,45,59
44740.00,11,8,177,35,59
44740.00,11,49,93,25,61
44741.00,15,17,123,40,63
44741.00,14,2,505,50,60
44741.00,10,57,508,30,41
44741.00,21,12,8,55,64
44741.00,20,27,96,20,61
44741.00,13,17,73,40,54
44741.00,22,47,509,130,64
44741.00,18,32,75,170,64
44741.00,16,27,305,135,62
44741.00,20,52,134,15,63
44741.00,14,57,135,15,56
44741.00,17,47,80,40,62
44741.00,11,57,227,25,59
44741.00,16,2,144,20,58
44741.00,11,32,306,20,43
44741.00,12,27,178,45,57
44741.00,22,12,60,30,64
44742.00,21,12,94,30,64
44742.00,15,46,510,125,61
44742.00,23,7,204,50,63
44742.00,18,7,269,30,50
44742.00,20,17,158,50,64
44742.00,14,26,132,20,44
44742.00,11,46,190,30,59
44742.00,10,51,437,30,43
44742.00,14,51,226,50,42
44742.00,12,21,325,125,64
44742.00,13,31,446,25,59
44742.00,11,26,143,15,45
44742.00,17,47,480,15,47
44742.00,21,47,3,135,64
44742.00,18,42,328,15,50
44742.00,16,57,256,45,63
44742.00,19,2,359,130,64
44743.00,13,55,124,25,42
44743.00,10,55,6,40,43
44743.00,21,10,64,15,63
44743.00,20,15,36,50,63
44743.00,19,40,97,30,60
44743.00,16,25,399,20,47
44743.00,16,50,183,45,55
44743.00,0,2,204,35,55
44743.00,11,40,130,0,41
44743.00,19,15,47,20,55
44743.00,12,30,142,5,41
44743.00,15,35,432,45,50
44743.00,21,30,3,250,64
44743.00,18,15,472,55,63
44743.00,17,40,26,30,60
44743.00,23,45,504,10,48
44744.00,13,4,9,35,62
44744.00,22,44,67,120,61
44744.00,15,19,268,15,49
44744.00,12,4,185,20,51
44744.00,14,24,429,50,63
44744.00,20,9,155,15,59
44744.00,20,54,17,20,63
44744.00,11,34,475,25,48
44744.00,19,9,261,55,63
44744.00,15,39,464,15,48
44744.00,20,29,53,20,61
44744.00,18,39,170,25,46
44744.00,16,49,276,50,54
44744.00,13,44,173,35,63
44744.00,17,44,148,50,64
44744.00,0,0,504,0,46
44744.00,0,5,59,5,45
44744.00,0,15,292,20,42
44744.00,21,19,344,140,64
44744.00,12,29,474,30,52
44744.00,15,59,179,45,45
44745.00,12,32,123,30,51
44745.00,15,37,382,20,62
44745.00,14,52,162,40,64
44745.00,16,2,18,15,62
44745.00,21,17,211,20,62
44745.00,19,42,20,25,57
44745.00,11,37,21,50,60
44745.00,17,17,287,45,57
44745.00,16,22,51,50,63
44745.00,14,22,52,25,49
44745.00,20,12,358,10,51
44745.00,18,7,518,35,42
44745.00,20,27,420,45,63
44745.00,22,17,216,10,63
44745.00,21,42,58,30,64
44746.00,23,51,34,5,57
44746.00,11,36,37,30,47
44746.00,17,31,364,20,52
44746.00,15,56,222,40,62
44746.00,19,56,224,45,64
44746.00,22,36,42,10,64
44746.00,18,11,76,20,56
44746.00,15,36,159,15,53
44746.00,13,56,135,20,41
44746.00,17,56,476,10,53
44746.00,22,51,138,20,63
44746.00,19,6,446,45,63
44746.00,16,41,168,45,59
44746.00,20,46,273,10,60
44746.00,23,16,347,30,63
44746.00,14,21,360,20,55
44746.00,14,46,149,45,63
44746.00,13,31,484,20,41
44746.00,18,36,403,25,60
44746.00,21,1,388,150,64
44747.00,0,1,34,10,59
44747.00,22,36,313,15,56
44747.00,14,5,391,165,63
44747.00,21,41,105,10,63
44747.00,21,56,130,35,63
44747.00,11,30,339,20,46
44747.00,16,50,139,155,63
44747.00,11,5,84,20,46
44747.00,19,25,167,30,55
44747.00,20,51,318,45,62
44747.00,20,0,472,45,56
44747.00,16,25,265,20,59
44747.00,15,55,231,25,62
44747.00,0,16,343,25,45
44747.00,18,30,247,50,54
44748.00,11,58,64,40,45
44748.00,19,53,7,25,58
44748.00,11,13,97,40,44
44748.00,12,43,485,40,48
44748.00,14,28,250,140,64
44748.00,23,19,393,40,55
44748.00,17,48,305,125,63
44748.00,13,28,129,55,56
44748.00,16,38,189,20,52
44748.00,19,23,109,25,54
44748.00,18,58,136,20,53
44748.00,17,3,80,40,61
44748.00,20,23,227,30,64
44748.00,22,38,246,35,60
44748.00,21,48,55,5,57
44748.00,20,58,91,45,63
44748.00,10,23,519,45,42
44748.00,15,53,198,40,51
44749.00,14,45,1,175,59
44749.00,16,45,96,25,60
44749.00,17,15,153,135,63
44749.00,21,50,377,15,64
44749.00,21,0,237,45,63
44749.00,13,55,286,45,64
44749.00,19,25,520,30,54
44749.00,11,50,190,50,42
44749.00,12,45,114,125,62
44749.00,20,0,427,15,56
44749.00,20,20,56,35,64
44749.00,22,11,151,160,63
44749.00,18,35,93,45,51
44749.00,23,56,301,0,59
44750.00,21,17,65,20,59
44750.00,14,42,98,15,60
44750.00,19,52,9,30,64
44750.00,18,37,220,30,56
44750.00,16,47,152,15,55
44750.00,20,27,336,45,64
44750.00,14,17,81,20,62
44750.00,22,37,212,30,55
44750.00,23,12,213,45,50
44750.00,19,12,86,35,62
44750.00,17,7,351,50,56
44750.00,15,2,278,20,56
44750.00,21,42,195,50,63
44750.00,12,12,117,55,51
44750.00,13,12,175,120,53
44750.00,18,2,264,30,48
44750.00,15,27,197,135,59
44750.00,0,1,301,35,59
44751.00,22,33,36,45,63
44751.00,17,43,8,135,64
44751.00,13,7,267,45,60
44751.00,21,8,428,50,49
44751.00,0,7,134,15,47
44751.00,22,3,524,25,50
44751.00,11,52,164,130,59
44751.00,0,2,213,0,49
44751.00,15,58,245,40,55
44751.00,19,33,419,25,63
44751.00,17,23,306,15,57
44751.00,11,32,525,15,45
44751.00,23,23,147,35,60
44751.00,14,38,341,135,64
44751.00,9,52,24,125,45
44751.00,20,3,410,20,55
44751.00,19,3,201,25,54
44752.00,11,40,37,25,49
44752.00,13,25,307,40,64
44752.00,14,30,495,35,63
44752.00,19,0,99,30,63
44752.00,21,10,126,40,64
44752.00,18,15,221,20,53
44752.00,0,54,103,40,41
44752.00,14,10,514,15,63
44752.00,13,0,73,20,62
44752.00,15,55,459,20,63
44752.00,12,10,133,45,63
44752.00,19,55,17,40,64
44752.00,16,20,135,15,61
44752.00,18,40,273,15,56
44752.00,22,2,274,175,64
44752.00,20,40,406,25,64
44752.00,0,3,147,0,55
44752.00,15,10,149,40,63
44752.00,16,40,526,150,64
44752.00,19,35,488,15,62
44752.00,0,8,200,40,56
44753.00,17,38,181,10,64
44753.00,20,48,364,20,54
44753.00,14,43,183,130,64
44753.00,23,58,527,0,50
44753.00,17,53,128,20,64
44753.00,13,33,157,30,64
44753.00,12,13,159,25,42
44753.00,15,58,325,155,64
44753.00,12,43,18,45,50
44753.00,18,18,19,130,61
44753.00,14,8,446,30,64
44753.00,0,2,274,125,64
44753.00,20,23,374,20,59
44753.00,11,43,327,25,44
44753.00,19,33,342,45,49
44753.00,23,13,528,40,62
44753.00,21,13,202,175,64
44754.00,16,2,64,15,48
44754.00,21,17,7,30,64
44754.00,12,12,321,25,45
44754.00,18,47,11,145,64
44754.00,0,3,527,40,53
44754.00,16,42,529,240,64
44754.00,15,42,382,15,49
44754.00,20,32,80,40,64
44754.00,11,17,47,20,46
44754.00,13,22,530,25,59
44754.00,14,52,262,45,62
44754.00,11,42,531,25,43
44754.00,16,22,326,15,56
44754.00,20,17,387,10,57
44754.00,13,52,467,55,63
44754.00,21,52,472,45,64
44754.00,12,42,335,35,53
44754.00,22,42,310,25,45
44755.00,16,48,123,30,56
44755.00,18,43,6,40,62
44755.00,14,7,38,50,63
44755.00,20,23,436,40,55
44755.00,19,28,70,25,61
44755.00,17,23,322,50,63
44755.00,21,8,206,240,63
44755.00,23,13,207,45,62
44755.00,12,57,130,40,62
44755.00,15,2,240,20,60
44755.00,18,18,161,20,57
44755.00,15,57,141,45,64
44755.00,11,42,464,20,41
44755.00,15,27,53,25,63
44755.00,10,37,144,25,43
44755.00,19,58,23,20,59
44755.00,13,42,537,20,54
44755.00,12,7,198,45,48
44756.00,22,33,96,20,53
44756.00,12,19,98,258,53
44756.00,17,37,529,55,63
44756.00,0,3,207,25,61
44756.00,21,13,535,135,64
44756.00,22,58,114,45,42
44756.00,16,42,351,50,64
44756.00,18,37,194,270,64
44756.00,13,12,362,385,64
44757.00,20,17,266,35,51
44757.00,17,52,8,45,62
44757.00,16,11,377,15,44
44757.00,16,31,101,0,48
44757.00,23,37,104,20,55
44757.00,12,51,250,165,63
44757.00,18,42,430,40,58
44757.00,11,46,162,120,61
44757.00,14,41,340,35,53
44757.00,11,16,20,25,51
44757.00,17,11,84,35,58
44757.00,22,47,539,45,64
44757.00,15,21,531,45,48
44757.00,20,57,540,165,64
44758.00,14,39,97,50,62
44758.00,23,25,13,30,61
44758.00,19,9,71,20,43
44758.00,21,24,41,55,64
44758.00,0,2,104,140,63
44758.00,15,34,42,15,56
44758.00,11,53,530,35,48
44758.00,12,58,193,25,57
44758.00,17,39,253,50,62
44758.00,20,29,402,50,46
44758.00,12,33,525,20,60
44758.00,22,25,255,55,63
44758.00,13,28,256,125,62
44758.00,15,54,217,135,59
44758.00,19,34,257,50,42
44758.00,17,14,248,20,59
44758.00,18,34,179,30,57
44759.00,21,7,258,145,64
44759.00,12,12,124,20,60
44759.00,12,37,218,50,63
44759.00,11,46,233,20,48
44759.00,18,57,37,30,55
44759.00,18,17,267,35,44
44759.00,0,0,13,130,50
44759.00,15,47,285,125,61
44759.00,13,32,156,140,62
44759.00,19,32,239,150,64
44759.00,11,26,386,15,41
44759.00,14,57,24,45,62
44759.00,22,37,526,140,63
44760.00,14,42,36,10,63
44760.00,18,57,67,155,62
44760.00,12,57,538,125,63
44760.00,15,42,105,20,55
44760.00,21,7,542,135,64
44760.00,11,52,132,20,42
44760.00,18,37,414,15,64
44760.00,17,47,113,45,64
44760.00,12,17,86,35,50
44760.00,22,27,296,130,63
44760.00,17,32,374,10,58
44760.00,14,7,229,30,61
44760.00,14,57,58,40,64
44760.00,16,7,27,140,64
44760.00,23,43,400,15,62
44760.00,0,2,526,25,43
44760.00,20,37,511,25,63
44761.00,16,21,355,170,64
44761.00,12,41,126,120,50
44761.00,12,41,127,165,54
44761.00,21,11,544,20,64
44761.00,11,26,185,25,41
44761.00,18,16,545,15,61
44761.00,12,24,167,162,53
44761.00,15,6,85,25,50
44761.00,21,37,263,155,64
44761.00,18,36,287,35,59
44761.00,20,11,170,15,62
44761.00,11,56,115,40,46
44761.00,15,36,55,40,61
44761.00,20,31,214,35,64
44761.00,13,6,25,175,62
44761.00,0,3,400,30,61
44761.00,19,36,546,30,49
44762.00,14,6,123,50,55
44762.00,20,36,64,15,62
44762.00,12,51,7,30,44
44762.00,22,41,39,135,59
44762.00,11,41,182,20,41
44762.00,15,1,444,240,59
44762.00,20,56,106,160,64
44762.00,19,6,130,40,64
44762.00,19,51,366,20,64
44762.00,13,26,339,35,57
44762.00,18,46,163,15,55
44762.00,20,16,265,15,64
44762.00,17,6,311,155,64
44763.00,10,58,96,45,49
44763.00,0,1,39,5,49
44763.00,21,9,183,120,64
44763.00,17,29,107,10,49
44763.00,16,39,129,45,60
44763.00,18,24,190,125,62
44763.00,20,44,225,20,64
44763.00,12,38,109,20,58
44763.00,14,54,168,140,63
44763.00,20,9,53,30,64
44763.00,17,44,144,15,56
44763.00,14,29,298,20,62
44763.00,12,8,306,25,57
44763.00,13,38,420,45,59
44763.00,16,19,512,15,60
44763.00,11,48,396,15,55
44763.00,18,4,177,15,53
44763.00,13,3,247,30,63
44764.00,11,25,63,20,45
44764.00,14,5,8,135,64
44764.00,20,15,224,150,64
44764.00,21,50,250,120,64
44764.00,19,50,323,20,64
44764.00,17,15,162,125,64
44764.00,19,0,446,45,64
44764.00,18,25,530,30,62
44764.00,13,40,192,20,59
44764.00,22,55,246,25,45
44764.00,11,50,341,165,62
44764.00,23,25,256,30,43
44764.00,15,25,540,165,64
44765.00,21,12,279,10,55
44765.00,12,21,356,140,64
44765.00,17,57,391,150,64
44765.00,19,52,393,45,57
44765.00,13,27,16,149,64
44765.00,19,32,382,15,49
44765.00,11,56,81,20,52
44765.00,13,32,255,284,64
44765.00,0,0,256,35,42
44765.00,14,52,217,299,63
44765.00,20,42,231,25,54
44765.00,23,22,488,20,47
44765.00,21,27,232,170,64
44766.00,12,46,94,35,64
44766.00,18,42,98,163,64
44766.00,20,35,204,381,64
44766.00,13,26,73,15,63
44766.00,16,1,139,145,64
44766.00,17,31,296,280,64
44766.00,18,59,253,171,64
44766.00,15,11,318,45,64
44766.00,12,11,369,30,45
44766.00,13,46,370,140,64
44766.00,19,25,56,246,64
44767.00,16,46,485,35,62
44767.00,15,6,103,25,64
44767.00,0,1,204,10,62
44767.00,17,26,127,15,58
44767.00,19,36,529,175,64
44767.00,15,36,74,45,64
44767.00,0,16,340,35,44
44767.00,22,21,165,35,54
44767.00,14,21,142,40,60
44767.00,16,26,167,15,52
44767.00,19,21,273,10,64
44767.00,21,36,419,40,64
44767.00,18,41,531,35,61
44767.00,17,46,24,50,63
44768.00,17,34,65,130,62
44768.00,19,39,99,25,54
44768.00,19,14,71,20,61
44768.00,13,59,527,165,59
44768.00,14,17,285,371,63
44768.00,20,9,269,15,60
44768.00,12,30,130,169,59
44768.00,12,9,457,35,47
44768.00,12,49,226,45,49
44768.00,12,13,138,161,50
44768.00,12,56,486,168,54
44768.00,20,29,374,15,62
44768.00,22,30,55,50,53
44768.00,23,25,402,30,58
44768.00,18,49,335,20,59
44768.00,20,49,92,50,63
44768.00,21,45,400,40,64
44768.00,13,16,403,248,56
44769.00,14,52,34,15,57
44769.00,21,7,64,20,64
44769.00,13,22,7,15,53
44769.00,12,7,38,50,44
44769.00,22,22,97,25,50
44769.00,23,27,153,30,55
44769.00,0,5,413,165,61
44769.00,15,12,44,50,59
44769.00,16,27,239,150,64
44769.00,21,57,476,20,61
44769.00,18,37,227,35,64
44769.00,13,2,18,15,45
44769.00,16,7,84,15,62
44769.00,0,0,402,0,52
44769.00,13,42,467,45,50
44769.00,19,17,547,165,64
44769.00,21,32,398,20,59
44769.00,18,2,354,30,64
44769.00,22,52,200,30,52
44769.00,14,32,201,15,47
44770.00,16,2,1,150,63
44770.00,17,37,8,45,62
44770.00,13,17,183,50,57
44770.00,0,2,153,50,46
44770.00,12,47,459,25,46
44770.00,20,52,161,165,62
44770.00,10,42,446,45,41
44770.00,18,27,143,15,59
44770.00,22,42,333,35,58
44770.00,14,52,114,125,62
44770.00,11,32,144,20,43
44770.00,11,57,432,45,58
44770.00,14,12,148,35,62
44770.00,18,47,257,145,62
44770.00,20,17,60,30,62
44771.00,12,18,37,45,53
44771.00,19,7,96,256,64
44771.00,23,24,234,35,55
44771.00,11,33,321,40,47
44771.00,18,42,377,166,45
44771.00,17,27,509,271,59
44771.00,19,57,154,276,64
44771.00,16,22,158,271,64
44771.00,15,27,80,261,64
44771.00,13,8,530,30,61
44771.00,13,32,192,160,63
44771.00,13,52,194,361,64
44771.00,12,32,91,266,64
44771.00,21,7,198,251,54
44772.00,11,9,5,20,55
44772.00,12,44,36,155,64
44772.00,18,36,307,168,51
44772.00,20,51,444,269,64
44772.00,18,1,73,178,46
44772.00,11,34,371,20,62
44772.00,15,14,17,45,63
44772.00,17,11,110,258,52
44772.00,14,24,48,45,64
44772.00,19,1,166,168,60
44772.00,16,31,85,243,49
44772.00,12,14,251,25,58
44772.00,21,57,296,178,55
44772.00,19,21,195,253,62
44772.00,16,1,540,172,58
44772.00,20,31,488,169,63
44772.00,11,59,60,10,63
44772.00,20,11,62,164,63
44773.00,16,53,123,35,56
44773.00,10,18,355,170,51
44773.00,20,28,126,50,64
44773.00,10,43,43,175,49
44773.00,16,28,155,20,51
44773.00,9,45,431,158,42
44773.00,22,23,382,5,64
44773.00,13,8,133,120,64
44773.00,17,33,79,45,57
44773.00,9,55,81,168,44
44773.00,14,38,164,165,64
44773.00,0,0,296,30,45
44773.00,21,43,147,35,64
44773.00,12,43,396,20,55
44773.00,19,33,342,50,64
44773.00,21,23,398,15,64
44773.00,14,13,59,20,60
44773.00,18,23,310,125,63
44773.00,22,33,202,145,63
44774.00,20,3,94,55,64
44774.00,22,38,95,45,64
44774.00,15,43,267,30,62
44774.00,16,18,127,15,63
44774.00,18,3,250,140,64
44774.00,11,33,190,120,58
44774.00,16,38,162,140,64
44774.00,12,38,535,170,63
44774.00,21,3,86,30,64
44774.00,10,38,472,50,60
44774.00,19,28,25,30,64
44774.00,21,38,230,55,64
44774.00,10,13,541,20,41
44774.00,14,33,33,125,64
44775.00,18,35,35,25,60
44775.00,19,5,64,15,62
44775.00,11,9,7,30,47
44775.00,21,55,485,20,60
44775.00,15,40,128,50,61
44775.00,14,45,14,50,63
44775.00,22,30,378,145,63
44775.00,21,10,450,40,62
44775.00,16,35,47,15,57
44775.00,20,55,138,10,62
44775.00,22,20,383,5,57
44775.00,13,9,550,20,46
44775.00,20,0,503,50,62
44775.00,12,29,145,35,55
44775.00,16,55,368,155,63
44775.00,13,34,58,125,63
44775.00,19,25,363,30,61
44775.00,11,44,361,40,49
44776.00,21,49,38,20,60
44776.00,17,58,249,35,58
44776.00,0,0,378,20,59
44776.00,14,28,129,35,62
44776.00,12,43,76,20,47
44776.00,11,38,132,20,48
44776.00,16,3,49,25,50
44776.00,13,8,20,20,45
44776.00,15,8,252,50,61
44776.00,22,34,287,125,62
44776.00,16,33,53,40,60
44776.00,20,53,144,156,64
44776.00,12,3,442,35,45
44776.00,18,38,255,55,58
44776.00,19,15,217,179,62
44776.00,19,50,231,173,62
44776.00,17,18,385,35,62
44776.00,13,33,247,50,62
44776.00,23,44,403,15,46
44777.00,20,4,9,30,63
44777.00,13,14,67,136,62
44777.00,17,56,69,28,50
44777.00,22,44,183,50,64
44777.00,16,24,2,16,61
44777.00,14,56,45,123,62
44777.00,16,44,430,130,62
44777.00,18,54,226,47,60
44777.00,19,44,515,17,62
44777.00,14,34,18,20,62
44777.00,21,9,358,152,64
44777.00,20,36,306,30,63
44777.00,11,25,341,165,60
44777.00,16,1,551,20,56
44778.00,16,24,37,36,47
44778.00,14,14,293,41,54
44778.00,20,24,235,21,62
44778.00,19,10,70,40,56
44778.00,16,14,284,5,47
44778.00,19,54,189,26,62
44778.00,18,9,470,31,58
44778.00,12,30,446,45,42
44778.00,18,44,317,25,51
44778.00,17,29,141,36,62
44778.00,20,49,296,260,63
44778.00,11,44,419,5,45
44778.00,17,4,306,21,56
44778.00,15,24,24,46,63
44778.00,23,11,504,35,46
44778.00,13,19,363,51,52
44778.00,14,59,543,21,53
44779.00,23,31,123,26,47
44779.00,20,12,64,35,50
44779.00,11,15,96,20,42
44779.00,11,39,98,30,54
44779.00,16,39,103,20,50
44779.00,12,54,237,55,61
44779.00,16,14,46,20,43
44779.00,12,14,225,35,57
44779.00,15,4,475,25,41
44779.00,15,34,142,35,48
44779.00,13,54,168,125,60
44779.00,20,51,402,46,62
44779.00,16,21,521,179,43
44779.00,21,41,3,166,64
44780.00,19,43,553,51,63
44780.00,10,47,39,165,60
44780.00,21,25,436,29,62
44780.00,19,18,371,21,60
44780.00,12,37,393,25,63
44780.00,18,28,161,46,62
44780.00,17,18,554,126,62
44780.00,12,32,19,149,61
44780.00,12,36,164,362,63
44780.00,21,58,274,241,63
44780.00,16,13,531,20,58
44780.00,16,38,555,35,62
44780.00,20,38,556,45,63
44780.00,15,43,343,25,61
44781.00,19,14,35,45,49
44781.00,15,39,7,20,63
44781.00,21,49,66,135,63
44781.00,15,14,533,20,63
44781.00,17,4,204,245,63
44781.00,20,4,73,40,63
44781.00,13,49,190,25,49
44781.00,11,18,365,45,47
44781.00,14,44,81,25,49
44781.00,12,8,162,155,63
44781.00,14,19,273,20,47
44781.00,0,3,274,21,53
44781.00,23,9,275,50,53
44781.00,16,4,256,55,63
44781.00,20,49,344,55,63
44782.00,17,39,75,171,62
44782.00,20,36,47,28,62
44782.00,23,31,112,27,59
44782.00,12,49,379,41,57
44782.00,12,9,85,36,47
44782.00,21,6,555,25,63
44782.00,15,21,368,255,63
44782.00,13,34,175,165,63
44782.00,19,34,197,120,63
44782.00,21,34,558,25,62
44782.00,22,1,151,147,63
44783.00,12,47,38,20,61
44783.00,12,22,69,20,51
44783.00,15,57,559,240,63
44783.00,20,10,14,260,63
44783.00,22,33,129,50,52
44783.00,15,7,226,45,63
44783.00,13,12,554,50,61
44783.00,0,1,112,57,57
44783.00,18,32,446,46,50
44783.00,11,42,167,35,48
44783.00,14,32,86,30,62
44783.00,10,47,555,50,43
44783.00,17,58,289,30,53
44783.00,14,7,487,20,57
44783.00,19,22,560,146,63
44783.00,19,31,217,247,63
44784.00,22,49,553,46,58
44784.00,22,11,36,35,62
44784.00,15,56,65,20,63
44784.00,13,8,269,25,44
44784.00,20,14,305,152,63
44784.00,13,36,135,20,49
44784.00,21,49,136,20,62
44784.00,16,19,254,47,59
44784.00,14,21,148,152,62
44784.00,17,9,420,130,50
44784.00,18,21,257,170,53
44784.00,13,58,60,20,62
44785.00,17,40,508,30,60
44785.00,19,35,37,15,51
44785.00,17,15,98,20,53
44785.00,15,10,68,130,58
44785.00,20,45,133,25,56
44785.00,22,55,138,20,50
44785.00,14,40,20,25,42
44785.00,21,15,213,155,63
44785.00,16,45,530,24,47
44785.00,18,15,405,45,63
44785.00,19,55,22,45,50
44785.00,16,25,525,20,48
44785.00,23,20,23,20,42
44785.00,19,5,291,25,61
44786.00,20,15,355,150,63
44786.00,17,55,183,130,62
44786.00,23,10,42,25,45
44786.00,17,25,189,25,61
44786.00,14,5,365,25,58
44786.00,19,45,46,25,60
44786.00,22,15,110,50,59
44786.00,14,35,325,240,63
44786.00,13,35,562,25,59
44786.00,13,0,531,30,59
44786.00,21,50,369,20,59
44786.00,19,10,149,30,61
44786.00,16,40,488,15,60
44786.00,17,0,200,20,63
44787.00,12,49,7,15,63
44787.00,11,34,233,25,45
44787.00,10,44,96,45,41
44787.00,17,59,267,30,60
44787.00,14,59,234,55,62
44787.00,20,4,281,130,62
44787.00,16,49,74,125,63
44787.00,21,44,462,25,54
44787.00,22,44,139,130,56
44787.00,12,19,84,25,59
44787.00,23,59,539,0,41
44787.00,15,59,273,15,62
44787.00,16,19,53,25,63
44787.00,21,19,170,20,62
44787.00,19,29,419,30,62
44787.00,14,4,472,50,63
44787.00,13,9,117,50,63
44787.00,18,34,556,50,62
44788.00,15,55,123,20,53
44788.00,11,55,10,50,52
44788.00,14,20,153,150,63
44788.00,13,20,130,54,62
44788.00,21,15,80,130,64
44788.00,16,20,164,35,55
44788.00,0,4,539,55,45
44788.00,22,30,193,25,61
44788.00,17,55,51,45,50
44788.00,11,30,376,20,46
44788.00,12,50,306,25,49
44788.00,17,0,368,50,61
44788.00,23,0,195,24,41
44788.00,19,40,24,40,63
44788.00,18,45,547,50,48
44788.00,20,25,27,45,64
44789.00,20,41,258,20,61
44789.00,21,6,505,50,63
44789.00,16,51,250,160,62
44789.00,15,56,43,24,62
44789.00,14,16,226,50,62
44789.00,15,11,134,20,55
44789.00,22,1,554,40,61
44789.00,18,36,167,35,44
44789.00,16,26,144,20,61
44789.00,13,51,288,20,46
44789.00,19,46,290,50,62
44789.00,22,46,91,125,49
44789.00,19,16,292,25,48
44789.00,15,36,481,15,49
44790.00,20,44,75,170,62
44790.00,14,25,17,30,62
44790.00,13,45,225,35,62
44790.00,19,49,81,10,62
44790.00,22,39,467,30,48
44790.00,15,0,58,0,52
44790.00,20,4,178,35,63
44791.00,21,15,249,40,63
44791.00,20,25,102,20,49
44791.00,16,30,41,135,63
44791.00,22,0,104,125,63
44791.00,20,50,527,20,56
44791.00,17,50,314,125,62
44791.00,16,10,135,15,52
44791.00,11,45,227,45,44
44791.00,14,35,115,40,56
44791.00,15,20,420,45,62
44791.00,14,10,396,20,49
44791.00,19,0,397,55,62
44791.00,20,0,201,20,48
44792.00,13,15,34,19,46
44792.00,20,2,444,140,63
44792.00,19,2,183,55,50
44792.00,14,45,221,40,63
44792.00,15,30,103,25,57
44792.00,22,52,111,125,63
44792.00,13,40,142,120,61
44792.00,21,27,402,30,63
44792.00,16,0,89,0,54
44792.00,22,2,567,45,63
44793.00,14,35,304,20,63
44793.00,21,45,67,250,63
44793.00,19,0,127,20,62
44793.00,16,20,285,165,62
44793.00,19,25,206,255,64
44793.00,12,5,160,30,49
44793.00,18,10,457,45,51
44793.00,0,2,111,30,62
44793.00,15,20,568,55,63
44793.00,14,10,531,20,62
44793.00,12,40,197,55,63
44794.00,17,41,355,0,60
44794.00,13,46,39,160,64
44794.00,0,0,67,5,49
44794.00,12,51,126,50,63
44794.00,17,6,73,30,63
44794.00,11,26,47,20,54
44794.00,11,56,272,50,62
44794.00,20,25,465,20,63
44794.00,11,16,386,5,48
44794.00,20,50,569,167,63
44794.00,15,31,217,150,63
44794.00,22,43,526,135,62
44794.00,0,10,200,45,47
44795.00,22,45,124,20,52
44795.00,19,56,8,0,62
44795.00,17,51,9,15,63
44795.00,0,3,552,20,45
44795.00,22,20,454,20,62
44795.00,15,6,393,40,58
44795.00,13,6,130,40,58
44795.00,14,16,430,45,60
44795.00,15,51,209,20,43
44795.00,18,11,161,50,62
44795.00,16,41,138,30,58
44795.00,17,16,570,0,61
44795.00,16,16,297,20,49
44795.00,13,51,419,20,63
44795.00,19,6,120,45,60
44796.00,10,30,96,30,44
44796.00,19,15,307,15,50
44796.00,21,5,542,250,63
44796.00,23,45,132,10,41
44796.00,19,35,226,40,62
44796.00,15,15,81,15,60
44796.00,11,50,162,125,61
44796.00,17,45,535,145,62
44796.00,20,20,273,15,63
44796.00,14,25,253,45,60
44796.00,11,25,144,20,54
44796.00,13,0,289,40,44
44796.00,11,5,427,15,50
44796.00,23,20,370,20,57
44796.00,13,45,548,0,45
44796.00,15,35,151,245,63
44796.00,20,40,537,20,63
44797.00,17,30,123,15,61
44797.00,14,35,6,25,51
44797.00,16,40,64,20,57
44797.00,16,0,98,10,53
44797.00,12,50,533,35,56
44797.00,19,40,413,0,56
44797.00,10,45,133,25,46
44797.00,16,15,46,20,54
44797.00,13,30,308,10,51
44797.00,17,5,20,20,61
44797.00,17,50,213,40,61
44797.00,13,45,168,45,47
44797.00,15,5,24,50,55
44797.00,12,5,25,40,54
44797.00,18,35,400,120,63
44797.00,11,15,484,20,46
44798.00,20,59,95,45,63
44798.00,17,10,36,156,55
44798.00,11,25,37,30,52
44798.00,12,55,71,45,45
44798.00,18,52,527,22,55
44798.00,12,0,269,20,44
44798.00,15,53,434,263,62
44798.00,13,45,450,45,43
44798.00,19,44,19,40,62
44798.00,21,49,164,125,63
44798.00,15,41,446,10,63
44798.00,16,25,296,0,41
44798.00,11,0,347,20,43
44798.00,12,25,555,25,46
44798.00,20,29,148,25,63
44798.00,14,35,91,165,54
44798.00,10,20,335,35,41
44798.00,22,59,572,10,43
44798.00,19,19,60,20,63
44799.00,17,35,4,30,45
44799.00,16,50,34,20,42
44799.00,14,30,532,165,63
44799.00,18,10,303,55,49
44799.00,19,10,39,135,63
44799.00,21,45,105,15,63
44799.00,20,30,190,45,62
44799.00,21,20,108,20,62
44799.00,11,50,407,45,51
44799.00,17,15,18,15,47
44799.00,23,35,165,20,41
44799.00,16,20,317,25,50
44799.00,22,30,167,30,55
44799.00,22,5,192,20,56
44799.00,23,5,52,25,47
44799.00,13,30,116,55,59
44799.00,12,40,402,45,55
44800.00,21,30,4,5,63
44800.00,14,50,35,40,62
44800.00,17,25,233,30,49
44800.00,16,30,183,50,55
44800.00,11,50,237,125,60
44800.00,13,0,305,125,63
44800.00,14,10,17,35,62
44800.00,20,40,109,20,62
44800.00,18,40,110,35,60
44800.00,21,5,47,15,62
44800.00,15,35,272,50,61
44800.00,18,0,53,35,63
44800.00,21,25,3,270,63
44800.00,11,25,291,20,48
44800.00,20,0,92,35,62
44800.00,19,20,56,35,62
44801.00,22,10,38,20,63
44801.00,11,20,9,35,45
44801.00,12,50,356,125,63
44801.00,20,5,564,139,64
44801.00,12,20,128,25,63
44801.00,22,55,43,44,63
44801.00,12,0,76,15,44
44801.00,14,0,159,20,62
44801.00,18,55,188,34,58
44801.00,14,25,161,45,64
44801.00,22,35,243,15,63
44801.00,17,40,112,35,56
44801.00,16,55,568,40,62
44801.00,18,20,113,30,54
44801.00,23,45,465,10,47
44801.00,0,0,3,25,63
44801.00,21,30,198,35,63
44801.00,15,40,354,130,63
44802.00,13,20,279,145,53
44802.00,20,25,391,240,63
44802.00,22,30,223,25,55
44802.00,14,50,501,45,63
44802.00,0,0,465,29,45
44802.00,18,55,358,145,57
44802.00,15,40,55,130,63
44802.00,12,0,360,30,48
44802.00,16,55,217,140,58
44802.00,12,35,93,40,44
44803.00,17,21,182,35,50
44803.00,13,46,184,19,49
44803.00,14,11,559,175,51
44803.00,18,56,206,49,46
44803.00,19,51,15,20,53
44803.00,12,31,226,44,54
44803.00,18,1,136,30,49
44803.00,20,16,261,120,63
44803.00,16,11,463,40,53
44803.00,18,36,273,15,45
44803.00,21,21,114,145,63
44803.00,13,21,419,20,56
44803.00,16,56,410,20,57
44804.00,12,10,40,15,41
44804.00,22,5,282,20,63
44804.00,19,0,132,10,59
44804.00,13,40,162,125,62
44804.00,13,0,288,35,60
44804.00,14,50,341,45,58
44804.00,19,55,92,45,63
44804.00,20,45,25,34,63
44804.00,21,25,567,35,63
44804.00,19,15,56,35,63
44804.00,17,30,256,145,61
44804.00,22,30,151,145,62
44804.00,16,20,119,125,63
44804.00,15,40,200,35,61
44804.00,12,30,62,25,47
44805.00,21,40,258,55,62
44805.00,17,10,64,15,59
44805.00,15,55,37,20,56
44805.00,20,40,66,55,62
44805.00,15,15,152,35,52
44805.00,23,5,13,50,45
44805.00,12,45,533,40,45
44805.00,17,30,250,150,62
44805.00,11,45,130,30,43
44805.00,22,40,19,20,54
44805.00,14,5,142,125,62
44805.00,16,20,144,20,60
44805.00,19,25,487,44,61
44805.00,20,15,512,20,61
44805.00,16,45,396,20,59
44805.00,0,0,151,10,58
44805.00,19,5,178,15,54
44805.00,13,30,247,30,52
44806.00,20,25,97,54,61
44806.00,16,50,153,175,63
44806.00,22,5,185,15,63
44806.00,23,30,542,24,50
44806.00,16,30,2,15,62
44806.00,14,40,382,15,61
44806.00,15,0,190,35,63
44806.00,13,50,535,45,55
44806.00,19,20,246,120,63
44806.00,18,50,145,25,61
44806.00,22,25,289,120,63
44806.00,13,10,264,10,41
44806.00,21,25,363,35,62
44806.00,15,40,31,44,63
44806.00,13,25,439,20,55
44807.00,17,15,7,40,54
44807.00,20,5,421,25,50
44807.00,14,35,259,50,63
44807.00,14,10,307,20,63
44807.00,19,35,377,25,50
44807.00,22,20,204,155,64
44807.00,11,10,73,40,46
44807.00,0,0,542,120,50
44807.00,18,0,110,40,50
44807.00,20,35,261,130,63
44807.00,16,25,263,45,60
44807.00,21,50,298,24,63
44807.00,11,55,369,30,58
44807.00,12,30,335,35,62
44807.00,15,30,397,50,61
44808.00,1,20,5,35,43
44808.00,15,25,508,30,63
44808.00,14,40,38,40,63
44808.00,21,50,67,140,63
44808.00,14,15,69,20,56
44808.00,13,20,564,49,63
44808.00,20,0,12,140,63
44808.00,16,0,237,130,63
44808.00,0,0,204,135,63
44808.00,21,25,371,20,63
44808.00,19,0,475,25,63
44808.00,23,15,19,25,53
44808.00,10,50,167,45,51
44808.00,17,15,86,39,63
44808.00,12,10,467,125,63
44808.00,18,0,556,25,63
44808.00,18,30,330,25,63
44809.00,14,10,553,25,61
44809.00,20,0,103,25,62
44809.00,14,40,336,125,63
44809.00,17,35,305,144,58
44809.00,21,50,294,25,63
44809.00,13,50,46,15,60
44809.00,12,55,161,50,57
44809.00,15,50,111,160,63
44809.00,20,30,368,135,63
44809.00,23,20,569,30,45
44809.00,19,5,472,50,61
44809.00,22,20,197,55,63
44809.00,12,15,575,35,46
44810.00,21,51,1,245,63
44810.00,13,46,355,160,63
44810.00,20,46,221,40,63
44810.00,18,36,104,145,63
44810.00,20,6,224,35,59
44810.00,13,6,226,35,52
44810.00,21,31,18,15,63
44810.00,17,16,165,25,50
44810.00,15,31,140,15,56
44810.00,12,36,419,25,41
44810.00,17,46,555,45,60
44810.00,15,51,402,140,61
44811.00,0,1,1,5,54
44811.00,16,16,218,130,63
44811.00,21,46,8,165,63
44811.00,14,6,127,20,50
44811.00,19,16,450,30,63
44811.00,19,51,482,25,63
44811.00,13,31,76,30,48
44811.00,14,31,132,20,52
44811.00,17,31,81,15,56
44811.00,20,21,213,140,64
44811.00,12,46,288,40,49
44811.00,15,51,438,20,62
44811.00,18,16,582,55,63
44811.00,23,36,148,20,49
44811.00,14,56,91,50,55
44811.00,12,6,567,35,50
44811.00,17,51,474,20,59
44812.00,13,45,124,15,59
44812.00,20,20,64,10,61
44812.00,12,55,37,45,56
44812.00,23,5,39,25,48
44812.00,14,40,206,155,63
44812.00,14,5,17,30,62
44812.00,18,40,296,155,63
44812.00,21,5,274,175,63
44812.00,16,20,24,45,62
44812.00,17,10,27,145,63
44813.00,17,5,182,40,57
44813.00,18,15,153,165,62
44813.00,13,35,71,50,42
44813.00,20,5,322,10,62
44813.00,23,6,139,50,63
44813.00,22,1,272,120,63
44813.00,12,45,53,45,43
44813.00,14,30,175,165,62
44813.00,21,6,344,50,63
44813.00,16,20,388,40,56
44814.00,19,14,259,35,56
44814.00,11,46,96,34,62
44814.00,13,39,267,40,63
44814.00,23,14,204,45,59
44814.00,18,29,225,40,60
44814.00,11,36,163,5,52
44814.00,20,44,261,55,63
44814.00,15,14,535,50,63
44814.00,0,1,139,55,62
44814.00,16,9,262,130,63
44814.00,14,24,168,44,63
44814.00,21,44,244,145,63
44814.00,10,51,503,40,45
44814.00,11,50,116,163,63
44814.00,19,54,31,45,63
44814.00,17,24,202,35,52
44815.00,14,6,123,25,63
44815.00,10,9,233,45,53
44815.00,12,9,36,30,63
44815.00,16,46,234,50,63
44815.00,13,1,66,120,63
44815.00,11,19,69,157,59
44815.00,17,41,268,25,63
44815.00,22,31,41,145,63
44815.00,0,4,204,50,63
44815.00,14,36,73,30,63
44815.00,0,59,186,130,46
44815.00,18,11,129,30,62
44815.00,20,56,164,150,63
44815.00,19,6,448,120,63
44815.00,15,11,375,45,63
44815.00,16,1,487,40,62
44815.00,9,46,117,257,63
44815.00,20,11,217,40,63
44815.00,18,46,511,15,62
44816.00,17,5,505,45,55
44816.00,14,5,34,20,41
44816.00,18,25,38,50,62
44816.00,13,30,538,30,41
44816.00,19,20,223,20,63
44816.00,17,55,269,25,53
44816.00,16,20,86,40,50
44816.00,21,15,255,135,63
44816.00,12,25,397,120,41
44816.00,22,35,363,50,53
44816.00,0,1,400,45,46
44816.00,19,45,540,145,63
44817.00,16,41,9,25,49
44817.00,18,21,236,20,62
44817.00,19,11,495,45,60
44817.00,12,41,126,140,52
44817.00,18,46,103,20,56
44817.00,11,21,305,45,41
44817.00,16,1,2,35,43
44817.00,14,6,19,30,50
44817.00,12,11,192,25,45
44817.00,20,1,501,45,62
44817.00,17,56,297,20,62
44817.00,22,46,406,50,48
44817.00,20,51,146,20,62
44817.00,17,11,569,40,60
44817.00,15,36,471,20,42
44817.00,21,16,335,25,62
44818.00,18,57,279,20,58
44818.00,18,32,63,20,60
44818.00,13,10,203,35,57
44818.00,19,22,37,25,63
44818.00,16,32,428,25,56
44818.00,22,56,65,45,52
44818.00,13,50,304,45,61
44818.00,17,42,440,45,62
44818.00,16,2,223,25,61
44818.00,21,24,393,36,63
44818.00,14,40,133,136,63
44818.00,22,6,51,45,63
44818.00,17,2,555,35,60
44818.00,19,52,288,31,63
44818.00,19,10,257,249,63
44819.00,21,42,6,15,63
44819.00,16,22,64,20,62
44819.00,18,42,485,40,61
44819.00,20,27,183,130,63
44819.00,15,32,429,45,61
44819.00,16,47,158,125,63
44819.00,22,2,226,25,62
44819.00,13,12,475,25,47
44819.00,19,27,246,35,62
44819.00,14,17,479,130,63
44819.00,12,37,348,30,41
44819.00,13,42,247,30,51
44819.00,22,32,311,5,51
44819.00,17,57,330,40,63
44820.00,21,48,7,10,63
44820.00,13,13,71,40,57
44820.00,19,3,285,145,63
44820.00,18,3,109,25,47
44820.00,23,18,142,40,58
44820.00,17,38,85,20,41
44820.00,13,58,263,130,62
44820.00,18,33,448,25,58
44820.00,20,33,252,45,63
44820.00,12,43,144,25,43
44820.00,15,13,194,170,63
44820.00,22,3,359,130,64
44820.00,21,23,200,20,64
44821.00,16,5,96,15,63
44821.00,12,5,70,40,55
44821.00,23,55,13,0,56
44821.00,15,25,404,5,63
44821.00,16,25,14,35,61
44821.00,17,55,349,250,63
44821.00,22,35,429,135,63
44821.00,14,10,393,25,63
44821.00,17,5,446,45,62
44821.00,0,3,142,10,55
44821.00,13,15,245,50,60
44821.00,14,40,273,15,63
44821.00,12,50,419,20,60
44821.00,20,10,318,45,63
44821.00,21,0,375,45,63
44821.00,15,0,531,20,64
44821.00,0,18,91,35,44
44821.00,21,50,56,40,63
44821.00,11,45,398,15,52
44821.00,11,0,292,40,51
44822.00,20,50,258,50,63
44822.00,21,45,259,20,63
44822.00,22,55,391,120,63
44822.00,0,0,13,135,63
44822.00,22,10,538,40,63
44822.00,16,15,454,45,63
44822.00,11,35,162,165,61
44822.00,18,20,113,55,63
44822.00,11,0,85,30,50
44822.00,19,20,358,145,63
44822.00,17,5,402,130,63
44822.00,14,20,560,170,63
44822.00,10,10,348,45,42
44822.00,13,25,179,50,63
44823.00,0,0,391,25,49
44823.00,11,50,184,45,45
44823.00,19,0,305,150,63
44823.00,16,40,156,50,63
44823.00,22,30,45,55,63
44823.00,13,50,161,55,59
44823.00,20,35,324,15,63
44823.00,17,35,164,30,62
44823.00,18,10,52,44,63
44823.00,12,40,23,10,45
44823.00,13,25,369,20,47
44823.00,12,55,29,25,49
44823.00,21,35,585,50,63
44823.00,15,30,217,125,63
44823.00,14,50,32,35,60
44823.00,20,55,247,35,63
44824.00,14,10,124,20,62
44824.00,0,0,233,15,52
44824.00,13,45,267,20,57
44824.00,19,6,234,46,63
44824.00,15,25,440,55,63
44824.00,0,20,238,40,49
44824.00,16,51,587,169,58
44824.00,16,25,155,15,59
44824.00,23,42,130,15,46
44824.00,17,35,158,25,62
44824.00,19,57,190,24,63
44824.00,21,42,588,130,63
44824.00,22,57,554,40,47
44824.00,14,35,142,45,63
44824.00,17,14,143,166,63
44824.00,13,15,306,25,55
44824.00,16,45,420,45,63
44824.00,12,55,513,15,47
44824.00,20,27,388,130,63
44825.00,23,45,6,10,53
44825.00,17,10,64,15,61
44825.00,12,20,37,44,56
44825.00,18,5,355,130,63
44825.00,19,20,184,40,59
44825.00,0,2,130,10,43
44825.00,15,45,157,19,57
44825.00,16,10,161,54,63
44825.00,13,35,162,45,59
44825.00,22,55,48,45,63
44825.00,14,45,419,20,62
44825.00,22,5,593,45,64
44825.00,20,50,255,130,63
44825.00,15,10,487,30,53
44825.00,20,5,58,40,63
44825.00,13,10,29,20,55
44825.00,17,30,398,30,62
44825.00,14,25,310,15,49
44825.00,11,30,344,45,51
44826.00,19,55,1,155,63
44826.00,14,0,266,15,61
44826.00,17,50,237,45,63
44826.00,23,35,104,20,54
44826.00,16,50,404,25,61
44826.00,19,25,209,25,63
44826.00,18,40,367,40,60
44826.00,0,0,584,55,46
44826.00,12,5,85,30,50
44826.00,22,5,274,130,63
44826.00,12,40,246,25,44
44826.00,13,10,53,45,58
44826.00,17,20,144,25,62
44826.00,11,35,306,25,44
44826.00,14,20,195,30,60
44826.00,15,25,197,140,63
44826.00,21,35,348,25,63
44826.00,14,55,247,25,59
44827.00,11,15,7,50,42
44827.00,12,40,249,40,54
44827.00,0,0,104,45,62
44827.00,12,10,160,25,45
44827.00,21,20,80,30,63
44827.00,23,55,18,0,51
44827.00,21,5,84,10,63
44827.00,20,20,167,40,63
44827.00,18,10,192,20,62
44827.00,16,35,55,150,60
44827.00,18,35,148,160,63
44827.00,13,45,91,155,63
44827.00,13,25,487,15,57
44827.00,16,20,177,10,54
44827.00,15,25,540,50,61
44827.00,21,55,362,175,64
44828.00,13,45,346,20,63
44828.00,14,10,218,125,63
44828.00,11,15,96,20,48
44828.00,13,0,495,40,61
44828.00,9,55,304,50,56
44828.00,12,10,440,45,62
44828.00,19,25,103,24,63
44828.00,10,50,109,19,56
44828.00,0,0,18,30,49
44828.00,19,55,83,55,63
44828.00,23,10,446,44,63
44828.00,20,55,20,10,61
44828.00,18,20,85,45,62
44828.00,17,15,86,25,63
44828.00,19,10,600,10,59
44828.00,17,45,442,29,63
44828.00,21,10,194,174,63
44828.00,11,40,348,25,56
44829.00,10,5,38,25,52
44829.00,20,45,97,40,63
44829.00,21,30,221,25,63
44829.00,22,15,349,45,63
44829.00,20,25,17,15,58
44829.00,13,40,261,120,63
44829.00,0,0,446,0,62
44829.00,0,45,568,55,62
44829.00,11,45,143,15,44
44829.00,16,40,296,240,63
44829.00,19,10,374,15,62
44829.00,12,5,147,35,63
44829.00,14,45,26,20,63
44829.00,12,46,342,49,64
44829.00,15,10,397,40,63
44829.00,23,5,292,24,52
44829.00,19,30,217,50,63
44829.00,15,55,32,40,63
44829.00,10,35,511,40,47
44829.00,18,45,60,20,63
44830.00,21,45,505,30,63
44830.00,20,25,41,135,63
44830.00,14,45,184,30,60
44830.00,16,50,206,170,63
44830.00,15,20,554,125,59
44830.00,13,50,535,50,54
44830.00,11,50,85,40,46
44830.00,12,35,419,35,53
44830.00,20,10,23,10,54
44830.00,22,20,151,155,63
44830.00,18,45,400,140,63
44830.00,13,15,599,30,47
44830.00,16,30,200,15,61
44831.00,21,0,1,160,64
44831.00,17,5,37,25,59
44831.00,17,35,71,20,52
44831.00,10,25,103,45,41
44831.00,23,35,186,5,50
44831.00,22,45,250,44,60
44831.00,12,45,190,50,51
44831.00,18,55,133,50,60
44831.00,16,35,17,25,56
44831.00,11,50,226,50,53
44831.00,19,50,263,125,63
44831.00,18,0,448,50,62
44831.00,15,20,405,35,63
44831.00,13,40,465,50,59
44831.00,16,0,333,30,61
44831.00,11,15,29,30,52
44831.00,23,45,363,10,43
44831.00,0,35,398,25,53
44831.00,14,35,31,40,63
44831.00,0,0,151,30,63
44832.00,12,50,123,30,56
44832.00,11,40,6,30,42
44832.00,17,45,64,20,62
44832.00,13,25,233,20,55
44832.00,14,35,259,20,51
44832.00,23,10,349,40,49
44832.00,18,10,160,15,62
44832.00,16,55,109,19,55
44832.00,18,55,162,125,63
44832.00,15,25,143,10,46
44832.00,15,0,332,20,48
44832.00,13,50,253,40,54
44832.00,20,5,89,150,63
44832.00,15,40,117,130,60
44832.00,17,20,398,20,61
44832.00,21,40,311,145,64
44832.00,18,30,528,20,62
44832.00,12,15,60,30,55
44833.00,14,5,7,20,50
44833.00,22,55,8,120,63
44833.00,13,25,9,35,53
44833.00,21,6,39,39,64
44833.00,14,30,129,50,55
44833.00,19,30,475,20,57
44833.00,11,55,85,145,41
44833.00,15,25,252,125,59
44833.00,17,40,288,20,61
44833.00,19,55,91,125,63
44833.00,16,35,197,120,60
44833.00,21,50,217,120,63
44833.00,18,5,257,140,62
44834.00,0,0,8,20,58
44834.00,20,50,66,125,64
44834.00,11,25,102,30,41
44834.00,17,35,103,10,59
44834.00,22,0,237,50,63
44834.00,13,10,73,20,60
44834.00,23,55,17,0,41
44834.00,15,50,365,25,63
44834.00,14,50,109,15,63
44834.00,15,10,588,35,64
44834.00,23,5,19,45,63
44834.00,16,20,83,130,63
44834.00,13,45,142,120,63
44834.00,19,25,144,15,63
44834.00,22,55,326,4,55
44834.00,17,50,368,150,63
44834.00,19,45,255,120,64
44834.00,13,35,335,5,61
44834.00,12,25,247,40,48
44835.00,13,55,153,145,63
44835.00,16,50,270,10,62
44835.00,16,20,457,25,63
44835.00,10,40,227,45,55
44835.00,17,5,213,45,60
44835.00,12,40,167,45,57
44835.00,11,55,171,40,46
44835.00,13,30,369,20,61
44835.00,19,30,593,45,63
44835.00,20,20,148,40,63
44835.00,17,55,91,120,63
44835.00,19,0,398,25,63
44835.00,15,45,344,5,63
44835.00,11,30,453,20,53
44835.00,21,5,540,155,63
44835.00,15,25,60,15,63
44836.00,10,55,96,40,49
44836.00,16,0,234,30,62
44836.00,19,55,602,50,63
44836.00,18,30,377,20,56
44836.00,22,10,186,5,58
44836.00,22,20,250,155,63
44836.00,16,35,158,130,62
44836.00,11,40,365,30,54
44836.00,17,50,161,35,58
44836.00,21,20,554,45,63
44836.00,12,15,85,40,63
44836.00,14,30,175,145,63
44836.00,18,55,149,55,63
44836.00,20,50,292,25,63
44836.00,13,0,301,145,63
44837.00,11,30,440,45,41
44837.00,19,55,154,125,63
44837.00,19,10,587,40,52
44837.00,0,0,250,10,46
44837.00,17,50,434,135,63
44837.00,12,55,76,20,42
44837.00,16,15,162,150,63
44837.00,21,5,142,19,63
44837.00,15,55,419,15,61
44837.00,23,15,358,40,55
44837.00,14,35,55,135,62
44837.00,12,20,306,30,44
44837.00,13,45,341,45,50
44837.00,21,30,3,160,63
44837.00,13,20,60,20,47
44838.00,16,30,279,50,63
44838.00,19,20,94,20,50
44838.00,21,50,6,20,63
44838.00,15,5,304,34,57
44838.00,22,15,356,125,61
44838.00,17,25,349,170,61
44838.00,20,20,2,10,62
44838.00,12,45,226,45,46
44838.00,15,45,18,20,60
44838.00,21,0,601,45,63
44838.00,20,35,52,20,63
44838.00,13,35,479,145,58
44838.00,0,0,358,20,53
44838.00,11,55,360,45,46
44838.00,11,5,363,45,44
44838.00,19,45,247,30,60
44838.00,16,10,200,15,63
44839.00,17,50,63,20,52
44839.00,16,50,7,35,57
44839.00,18,45,126,125,63
44839.00,20,45,184,25,61
44839.00,15,25,260,45,61
44839.00,11,20,43,45,42
44839.00,12,10,131,20,45
44839.00,17,30,160,15,52
44839.00,18,15,109,25,55
44839.00,12,35,535,45,48
44839.00,16,15,139,30,62
44839.00,13,25,171,30,55
44839.00,19,55,467,45,63
44839.00,21,15,291,10,59
